# Japanese surface	verified native reading	JMdict exact kana + Mozc exact code
ある日	あるひ	JMdict+Mozc
いつの日か	いつのひか	JMdict+Mozc
うわさ話	うわさばなし	JMdict+Mozc
お腹いっぱい	おなかいっぱい	JMdict+Mozc
お金	おかね	JMdict+Mozc
こじ開ける	こじあける	JMdict+Mozc
この度	このたび	JMdict+Mozc
この節	このせつ	JMdict+Mozc
ご意見箱	ごいけんばこ	JMdict+Mozc
ささやき声	ささやきごえ	JMdict+Mozc
さらし粉	さらしこ	JMdict+Mozc
しきい値	しきいち	JMdict+Mozc
その日	そのひ	JMdict+Mozc
その頃	そのころ	JMdict+Mozc
そり舌音	そりじたおん	JMdict+Mozc
ひとり親家庭	ひとりおやかてい	JMdict+Mozc
ほうれん草	ほうれんそう	JMdict+Mozc
やり方	やりかた	JMdict+Mozc
ろ紙	ろし	JMdict+Mozc
アイルランド人	あいるらんどじん	JMdict+Mozc
アジア人	あじあじん	JMdict+Mozc
アップグレード版	あっぷぐれーどばん	JMdict+Mozc
アフリカの角	あふりかのつの	JMdict+Mozc
アフリカ人	あふりかじん	JMdict+Mozc
アメリカ人	あめりかじん	JMdict+Mozc
アメリカ領ヴァージン諸島	あめりかりょうゔぁーじんしょとう	JMdict+Mozc
アモス書	あもすしょ	JMdict+Mozc
アラフラ海	あらふらかい	JMdict+Mozc
アラブ人	あらぶじん	JMdict+Mozc
アルゼンチン人	あるぜんちんじん	JMdict+Mozc
アルメニア人	あるめにあじん	JMdict+Mozc
アンペア時	あんぺあじ	JMdict+Mozc
イオン交換水	いおんこうかんすい	JMdict+Mozc
イギリス人	いぎりすじん	JMdict+Mozc
イギリス東インド会社	いぎりすひがしいんどがいしゃ	JMdict+Mozc
イギリス領ヴァージン諸島	いぎりすりょうゔぁーじんしょとう	JMdict+Mozc
イスラエル国	いすらえるこく	JMdict+Mozc
イスラム国	いすらむこく	JMdict+Mozc
イタリア人	いたりあじん	JMdict+Mozc
イタリック体	いたりっくたい	JMdict+Mozc
イラン人	いらんじん	JMdict+Mozc
インドネシア人	いんどねしあじん	JMdict+Mozc
インド亜大陸	いんどあたいりく	JMdict+Mozc
インド人	いんどじん	JMdict+Mozc
インド洋	いんどよう	JMdict+Mozc
イースター島	いーすたーとう	JMdict+Mozc
ウォール街	うぉーるがい	JMdict+Mozc
エジプト人	えじぷとじん	JMdict+Mozc
エゼキエル書	えぜきえるしょ	JMdict+Mozc
エチオピア人	えちおぴあじん	JMdict+Mozc
エリトリア国	えりとりあこく	JMdict+Mozc
エーゲ海	えーげかい	JMdict+Mozc
オホーツク海	おほーつくかい	JMdict+Mozc
オマーン国	おまーんこく	JMdict+Mozc
オランダ人	おらんだじん	JMdict+Mozc
オリーブ油	おりーぶゆ	JMdict+Mozc
オーストラリア人	おーすとらりあじん	JMdict+Mozc
オーストリア人	おーすとりあじん	JMdict+Mozc
カタール国	かたーるこく	JMdict+Mozc
カナダ人	かなだじん	JMdict+Mozc
カリブ海	かりぶかい	JMdict+Mozc
カレー粉	かれーこ	JMdict+Mozc
ガソリン車	がそりんしゃ	JMdict+Mozc
ガラス器	がらすき	JMdict+Mozc
ガラス瓶	がらすびん	JMdict+Mozc
ガラス越し	がらすごし	JMdict+Mozc
ガンジス川	がんじすがわ	JMdict+Mozc
キノコ雲	きのこぐも	JMdict+Mozc
キャンプ場	きゃんぷじょう	JMdict+Mozc
キロワット時	きろわっとじ	JMdict+Mozc
ギリシャ人	ぎりしゃじん	JMdict+Mozc
クック諸島	くっくしょとう	JMdict+Mozc
クルド人	くるどじん	JMdict+Mozc
グアドループ島	ぐあどるーぷとう	JMdict+Mozc
グループ会社	ぐるーぷがいしゃ	JMdict+Mozc
グル音	ぐるおん	JMdict+Mozc
コンテナ船	こんてなせん	JMdict+Mozc
コーヒー粉	こーひーこ	JMdict+Mozc
ゴミ箱	ごみばこ	JMdict+Mozc
ゴミ袋	ごみぶくろ	JMdict+Mozc
ゴルフ場	ごるふじょう	JMdict+Mozc
サッカー場	さっかーじょう	JMdict+Mozc
ショッピング街	しょっぴんぐがい	JMdict+Mozc
シリア・アラブ共和国	しりああらぶきょうわこく	JMdict+Mozc
シリア人	しりあじん	JMdict+Mozc
ジャンプ力	じゃんぷりょく	JMdict+Mozc
スイス人	すいすじん	JMdict+Mozc
スウェーデン人	すうぇーでんじん	JMdict+Mozc
スケート靴	すけーとぐつ	JMdict+Mozc
スコットランド人	すこっとらんどじん	JMdict+Mozc
スペイン人	すぺいんじん	JMdict+Mozc
スラム街	すらむがい	JMdict+Mozc
セルビア人	せるびあじん	JMdict+Mozc
ゼカリヤ書	ぜかりやしょ	JMdict+Mozc
ソマリア人	そまりあじん	JMdict+Mozc
ソロモン諸島	そろもんしょとう	JMdict+Mozc
タイ人	たいじん	JMdict+Mozc
タジク人	たじくじん	JMdict+Mozc
タブロイド紙	たぶろいどし	JMdict+Mozc
ダウンロード版	だうんろーどばん	JMdict+Mozc
ダニエル書	だにえるしょ	JMdict+Mozc
チェコ人	ちぇこじん	JMdict+Mozc
チェック表	ちぇっくひょう	JMdict+Mozc
チェーン店	ちぇーんてん	JMdict+Mozc
チベット人	ちべっとじん	JMdict+Mozc
チラ見	ちらみ	JMdict+Mozc
チンゲン菜	ちんげんさい	JMdict+Mozc
テスト版	てすとばん	JMdict+Mozc
デフォルト値	でふぉるとち	JMdict+Mozc
デンマーク人	でんまーくじん	JMdict+Mozc
データ値	でーたち	JMdict+Mozc
トルコ人	とるこじん	JMdict+Mozc
ドイツ人	どいつじん	JMdict+Mozc
ニュージーランド人	にゅーじーらんどじん	JMdict+Mozc
ネアンデルタール人	ねあんでるたーるじん	JMdict+Mozc
ネット上	ねっとじょう	JMdict+Mozc
ノルウェー人	のるうぇーじん	JMdict+Mozc
ハザーラ人	はざーらじん	JMdict+Mozc
ハワイ諸島	はわいしょとう	JMdict+Mozc
ハンガリー人	はんがりーじん	JMdict+Mozc
バチカン市国	ばちかんしこく	JMdict+Mozc
バハマ国	ばはまこく	JMdict+Mozc
バラ園	ばらえん	JMdict+Mozc
バルカン半島	ばるかんはんとう	JMdict+Mozc
パン粉	ぱんこ	JMdict+Mozc
パーム油	ぱーむゆ	JMdict+Mozc
ビジネス街	びじねすがい	JMdict+Mozc
ビニール袋	びにーるぶくろ	JMdict+Mozc
ビープ音	びーぷおん	JMdict+Mozc
ビール瓶	びーるびん	JMdict+Mozc
ピラミッド型	ぴらみっどがた	JMdict+Mozc
ピーク時	ぴーくじ	JMdict+Mozc
ファンデルワールス力	ふぁんでるわーるすりょく	JMdict+Mozc
ファーストフード店	ふぁーすとふーどてん	JMdict+Mozc
フィリピン人	ふぃりぴんじん	JMdict+Mozc
フィンランド人	ふぃんらんどじん	JMdict+Mozc
フォークランド諸島	ふぉーくらんどしょとう	JMdict+Mozc
フランス人	ふらんすじん	JMdict+Mozc
ブラジル人	ぶらじるじん	JMdict+Mozc
プラスチック板	ぷらすちっくばん	JMdict+Mozc
ベトナム人	べとなむじん	JMdict+Mozc
ベルギー人	べるぎーじん	JMdict+Mozc
ベータ版	べーたばん	JMdict+Mozc
ページ数	ぺーじすう	JMdict+Mozc
ボウリング場	ぼうりんぐじょう	JMdict+Mozc
ボリビア多民族国	ぼりびあたみんぞくこく	JMdict+Mozc
ポーランド人	ぽーらんどじん	JMdict+Mozc
マジ話	まじばな	JMdict+Mozc
マニ車	まにぐるま	JMdict+Mozc
マルクス・レーニン主義	まるくすれーにんしゅぎ	JMdict+Mozc
ミカ書	みかしょ	JMdict+Mozc
ミミズ腫れ	みみずばれ	JMdict+Mozc
ミャンマー人	みゃんまーじん	JMdict+Mozc
ミリ波	みりは	JMdict+Mozc
ミンダナオ島	みんだなおとう	JMdict+Mozc
ムール貝	むーるがい	JMdict+Mozc
メキシコ人	めきしこじん	JMdict+Mozc
メラネシア人	めらねしあじん	JMdict+Mozc
ユダヤ人	ゆだやじん	JMdict+Mozc
ユーカリ油	ゆーかりゆ	JMdict+Mozc
ヨエル書	よえるしょ	JMdict+Mozc
ヨナ書	よなしょ	JMdict+Mozc
ヨルダン・ハシミテ王国	よるだんはしみておうこく	JMdict+Mozc
ヨーロッパ人	よーろっぱじん	JMdict+Mozc
ライン川	らいんがわ	JMdict+Mozc
ラム酒	らむしゅ	JMdict+Mozc
ランブル鞭毛虫	らんぶるべんもうちゅう	JMdict+Mozc
ラー油	らーゆ	JMdict+Mozc
リフト車	りふとしゃ	JMdict+Mozc
リンク切れ	りんくぎれ	JMdict+Mozc
リンパ球	りんぱきゅう	JMdict+Mozc
リンパ節	りんぱせつ	JMdict+Mozc
ルクセンブルク大公国	るくせんぶるくたいこうこく	JMdict+Mozc
ルーマニア人	るーまにあじん	JMdict+Mozc
レイノルズ数	れいのるずすう	JMdict+Mozc
レジ係	れじがかり	JMdict+Mozc
レモン汁	れもんじる	JMdict+Mozc
レンタル店	れんたるてん	JMdict+Mozc
ロシア人	ろしあじん	JMdict+Mozc
ローマ人	ろーまじん	JMdict+Mozc
ローレンツ力	ろーれんつりょく	JMdict+Mozc
一夫一妻	いっぷいっさい	JMdict+Mozc
一夫多妻	いっぷたさい	JMdict+Mozc
一隻眼	いっせきがん	JMdict+Mozc
七宝焼き	しっぽうやき	JMdict+Mozc
七年戦争	しちねんせんそう	JMdict+Mozc
三つ指	みつゆび	JMdict+Mozc
三星グループ	さんせいぐるーぷ	JMdict+Mozc
三角巾	さんかくきん	JMdict+Mozc
三角筋	さんかくきん	JMdict+Mozc
上気道	じょうきどう	JMdict+Mozc
上線	じょうせん	JMdict+Mozc
下の人	したのひと	JMdict+Mozc
下塗り	したぬり	JMdict+Mozc
下顎骨	かがくこつ	JMdict+Mozc
不作為	ふさくい	JMdict+Mozc
不作為犯	ふさくいはん	JMdict+Mozc
不安心	ふあんしん	JMdict+Mozc
世界観光機関	せかいかんこうきかん	JMdict+Mozc
丘陵地帯	きゅうりょうちたい	JMdict+Mozc
中出し	なかだし	JMdict+Mozc
中国酒	ちゅうごくしゅ	JMdict+Mozc
中央通訊社	ちゅうおうつうじんしゃ	JMdict+Mozc
中心体	ちゅうしんたい	JMdict+Mozc
中立国	ちゅうりつこく	JMdict+Mozc
中継器	ちゅうけいき	JMdict+Mozc
中胚葉	ちゅうはいよう	JMdict+Mozc
丸剤	がんざい	JMdict+Mozc
主の祈り	しゅのいのり	JMdict+Mozc
主導者	しゅどうしゃ	JMdict+Mozc
主戦場	しゅせんじょう	JMdict+Mozc
主演者	しゅえんしゃ	JMdict+Mozc
主系列星	しゅけいれつせい	JMdict+Mozc
主要国	しゅようこく	JMdict+Mozc
九角形	きゅうかくけい	JMdict+Mozc
乳がん	にゅうがん	JMdict+Mozc
乳様突起	にゅうようとっき	JMdict+Mozc
乾闥婆	けんだつば	JMdict+Mozc
予防薬	よぼうやく	JMdict+Mozc
二倍体	にばいたい	JMdict+Mozc
二年生	にねんせい	JMdict+Mozc
二等車	にとうしゃ	JMdict+Mozc
二量体	にりょうたい	JMdict+Mozc
互いに素	たがいにそ	JMdict+Mozc
五星紅旗	ごせいこうき	JMdict+Mozc
五芒星	ごぼうせい	JMdict+Mozc
交戦国	こうせんこく	JMdict+Mozc
人の子	ひとのこ	JMdict+Mozc
人工島	じんこうとう	JMdict+Mozc
人差し指	ひとさしゆび	JMdict+Mozc
人材不足	じんざいぶそく	JMdict+Mozc
人格神	じんかくしん	JMdict+Mozc
人造石	じんぞうせき	JMdict+Mozc
人類学者	じんるいがくしゃ	JMdict+Mozc
人食い	ひとくい	JMdict+Mozc
人食いバクテリア	ひとくいばくてりあ	JMdict+Mozc
今シーズン	こんしーずん	JMdict+Mozc
今流行り	いまはやり	JMdict+Mozc
介護者	かいごしゃ	JMdict+Mozc
仏教書	ぶっきょうしょ	JMdict+Mozc
代わる代わる	かわるがわる	JMdict+Mozc
代理者	だいりしゃ	JMdict+Mozc
仮種皮	かしゅひ	JMdict+Mozc
企業家	きぎょうか	JMdict+Mozc
伝道者	でんどうしゃ	JMdict+Mozc
低所得者	ていしょとくしゃ	JMdict+Mozc
住み難い	すみにくい	JMdict+Mozc
体循環	たいじゅんかん	JMdict+Mozc
作り話	つくりばなし	JMdict+Mozc
供給不足	きょうきゅうぶそく	JMdict+Mozc
供給者	きょうきゅうしゃ	JMdict+Mozc
俗世間	ぞくせけん	JMdict+Mozc
保健士	ほけんし	JMdict+Mozc
保護国	ほごこく	JMdict+Mozc
保護板	ほごばん	JMdict+Mozc
保護色	ほごしょく	JMdict+Mozc
保険代理店	ほけんだいりてん	JMdict+Mozc
保険契約者	ほけんけいやくしゃ	JMdict+Mozc
保険証書	ほけんしょうしょ	JMdict+Mozc
信仰者	しんこうしゃ	JMdict+Mozc
信号灯	しんごうとう	JMdict+Mozc
偽陰性	ぎいんせい	JMdict+Mozc
傍聴者	ぼうちょうしゃ	JMdict+Mozc
債権国	さいけんこく	JMdict+Mozc
儒学者	じゅがくしゃ	JMdict+Mozc
充填物	じゅうてんぶつ	JMdict+Mozc
先入れ	さきいれ	JMdict+Mozc
先入れ先出し	さきいれさきだし	JMdict+Mozc
先出し	さきだし	JMdict+Mozc
光と影	ひかりとかげ	JMdict+Mozc
光ファイバー	ひかりふぁいばー	JMdict+Mozc
光ファイバーケーブル	ひかりふぁいばーけーぶる	JMdict+Mozc
光触媒	ひかりしょくばい	JMdict+Mozc
光量子	こうりょうし	JMdict+Mozc
光電池	こうでんち	JMdict+Mozc
入国者	にゅうこくしゃ	JMdict+Mozc
入選者	にゅうせんしゃ	JMdict+Mozc
全天候	ぜんてんこう	JMdict+Mozc
全身麻酔薬	ぜんしんますいやく	JMdict+Mozc
八面体	はちめんたい	JMdict+Mozc
公休日	こうきゅうび	JMdict+Mozc
公用車	こうようしゃ	JMdict+Mozc
公設市場	こうせついちば	JMdict+Mozc
共有者	きょうゆうしゃ	JMdict+Mozc
共重合	きょうじゅうごう	JMdict+Mozc
共鳴器	きょうめいき	JMdict+Mozc
内側翼突筋	ないそくよくとつきん	JMdict+Mozc
内陸国	ないりくこく	JMdict+Mozc
内陸湖	ないりくこ	JMdict+Mozc
冷凍魚	れいとうぎょ	JMdict+Mozc
冷却器	れいきゃくき	JMdict+Mozc
凝灰岩	ぎょうかいがん	JMdict+Mozc
処女峰	しょじょほう	JMdict+Mozc
処方薬	しょほうやく	JMdict+Mozc
凸面鏡	とつめんきょう	JMdict+Mozc
出入り口	でいりぐち	JMdict+Mozc
出来映え	できばえ	JMdict+Mozc
出資額	しゅっしがく	JMdict+Mozc
分光器	ぶんこうき	JMdict+Mozc
分析家	ぶんせきか	JMdict+Mozc
分析表	ぶんせきひょう	JMdict+Mozc
分解者	ぶんかいしゃ	JMdict+Mozc
分類表	ぶんるいひょう	JMdict+Mozc
切削油	せっさくゆ	JMdict+Mozc
列島	れっとう	JMdict+Mozc
刺激薬	しげきやく	JMdict+Mozc
前照灯	ぜんしょうとう	JMdict+Mozc
前頭骨	ぜんとうこつ	JMdict+Mozc
前駆体	ぜんくたい	JMdict+Mozc
剣ヶ峰	けんがみね	JMdict+Mozc
副代表	ふくだいひょう	JMdict+Mozc
創作者	そうさくしゃ	JMdict+Mozc
加数	かすう	JMdict+Mozc
加熱器	かねつき	JMdict+Mozc
加盟者	かめいしゃ	JMdict+Mozc
労働日	ろうどうび	JMdict+Mozc
化粧品店	けしょうひんてん	JMdict+Mozc
北大西洋	きたたいせいよう	JMdict+Mozc
北大西洋条約	きたたいせいようじょうやく	JMdict+Mozc
北斗七星	ほくとしちせい	JMdict+Mozc
北朝鮮人	きたちょうせんじん	JMdict+Mozc
北東北	きたとうほく	JMdict+Mozc
北極海	ほっきょくかい	JMdict+Mozc
北極熊	ほっきょくぐま	JMdict+Mozc
医学生物学	いがくせいぶつがく	JMdict+Mozc
十二夜	じゅうにや	JMdict+Mozc
十二宮	じゅうにきゅう	JMdict+Mozc
十二時	じゅうにじ	JMdict+Mozc
半島	はんとう	JMdict+Mozc
協定世界時	きょうていせかいじ	JMdict+Mozc
南シナ海	みなみしなかい	JMdict+Mozc
南極海	なんきょくかい	JMdict+Mozc
南蛮人	なんばんじん	JMdict+Mozc
南西諸島	なんせいしょとう	JMdict+Mozc
印刷版	いんさつばん	JMdict+Mozc
印刷紙	いんさつし	JMdict+Mozc
卵巣炎	らんそうえん	JMdict+Mozc
卵菌	らんきん	JMdict+Mozc
原子価	げんしか	JMdict+Mozc
原産国	げんさんこく	JMdict+Mozc
反乱者	はんらんしゃ	JMdict+Mozc
取引者	とりひきしゃ	JMdict+Mozc
受付係	うけつけがかり	JMdict+Mozc
受信箱	じゅしんばこ	JMdict+Mozc
受託者	じゅたくしゃ	JMdict+Mozc
口腔ケア	こうくうけあ	JMdict+Mozc
口腔病理学	こうくうびょうりがく	JMdict+Mozc
叫び声	さけびごえ	JMdict+Mozc
合成数	ごうせいすう	JMdict+Mozc
合成物	ごうせいぶつ	JMdict+Mozc
合成紙	ごうせいし	JMdict+Mozc
合計特殊出生率	ごうけいとくしゅしゅっしょうりつ	JMdict+Mozc
同盟国	どうめいこく	JMdict+Mozc
名無し	ななし	JMdict+Mozc
向こう岸	むこうぎし	JMdict+Mozc
吸塵	きゅうじん	JMdict+Mozc
吹奏楽器	すいそうがっき	JMdict+Mozc
告発者	こくはつしゃ	JMdict+Mozc
周期表	しゅうきひょう	JMdict+Mozc
呼び出し音	よびだしおん	JMdict+Mozc
呼吸根	こきゅうこん	JMdict+Mozc
咬合器	こうごうき	JMdict+Mozc
咽頭炎	いんとうえん	JMdict+Mozc
唇歯音	しんしおん	JMdict+Mozc
喉頭炎	こうとうえん	JMdict+Mozc
嘔吐物	おうとぶつ	JMdict+Mozc
噴気孔	ふんきこう	JMdict+Mozc
四つ葉のクローバー	よつばのくろーばー	JMdict+Mozc
四塩化ケイ素	しえんかけいそ	JMdict+Mozc
四量体	よんりょうたい	JMdict+Mozc
四面体	しめんたい	JMdict+Mozc
回鍋肉	ほいこーろー	JMdict+Mozc
固溶体	こようたい	JMdict+Mozc
国内総生産	こくないそうせいさん	JMdict+Mozc
国富論	こくふろん	JMdict+Mozc
国民総生産	こくみんそうせいさん	JMdict+Mozc
国際司法裁判所	こくさいしほうさいばんしょ	JMdict+Mozc
国際競争力	こくさいきょうそうりょく	JMdict+Mozc
園芸家	えんげいか	JMdict+Mozc
圧縮力	あっしゅくりょく	JMdict+Mozc
在庫切れ	ざいこぎれ	JMdict+Mozc
地理学者	ちりがくしゃ	JMdict+Mozc
地質学者	ちしつがくしゃ	JMdict+Mozc
地震学者	じしんがくしゃ	JMdict+Mozc
地震波	じしんは	JMdict+Mozc
執行者	しっこうしゃ	JMdict+Mozc
堆積物	たいせきぶつ	JMdict+Mozc
墓掘り	はかほり	JMdict+Mozc
声楽家	せいがくか	JMdict+Mozc
夏の月	なつのつき	JMdict+Mozc
夕食後	ゆうしょくご	JMdict+Mozc
外国勢	がいこくぜい	JMdict+Mozc
外来者	がいらいしゃ	JMdict+Mozc
外眼筋	がいがんきん	JMdict+Mozc
外祖父	がいそふ	JMdict+Mozc
外耳炎	がいじえん	JMdict+Mozc
外胚葉	がいはいよう	JMdict+Mozc
多年生	たねんせい	JMdict+Mozc
多発性骨髄腫	たはつせいこつずいしゅ	JMdict+Mozc
多聞天	たもんてん	JMdict+Mozc
多辺形	たへんけい	JMdict+Mozc
大人版	おとなばん	JMdict+Mozc
大元帥	だいげんすい	JMdict+Mozc
大司教	だいしきょう	JMdict+Mozc
大変形	だいへんけい	JMdict+Mozc
大変身	だいへんしん	JMdict+Mozc
大括弧	だいかっこ	JMdict+Mozc
大数の法則	たいすうのほうそく	JMdict+Mozc
大法官	だいほうかん	JMdict+Mozc
大胸筋	だいきょうきん	JMdict+Mozc
大議論	だいぎろん	JMdict+Mozc
大豆粉	だいずこ	JMdict+Mozc
大転子	だいてんし	JMdict+Mozc
大震災	だいしんさい	JMdict+Mozc
太平洋諸島	たいへいようしょとう	JMdict+Mozc
太極旗	たいきょくき	JMdict+Mozc
太陽系外	たいようけいがい	JMdict+Mozc
失声症	しっせいしょう	JMdict+Mozc
失敗者	しっぱいしゃ	JMdict+Mozc
失踪者	しっそうしゃ	JMdict+Mozc
女子校生	じょしこうせい	JMdict+Mozc
姉妹船	しまいせん	JMdict+Mozc
委託者	いたくしゃ	JMdict+Mozc
嫌気性	けんきせい	JMdict+Mozc
子供の頃	こどものころ	JMdict+Mozc
子宮内膜炎	しきゅうないまくえん	JMdict+Mozc
子宮腔	しきゅうくう	JMdict+Mozc
孔雀石	くじゃくせき	JMdict+Mozc
孵化器	ふかき	JMdict+Mozc
孵卵器	ふらんき	JMdict+Mozc
安全帯	あんぜんたい	JMdict+Mozc
安全灯	あんぜんとう	JMdict+Mozc
安全網	あんぜんもう	JMdict+Mozc
安定器	あんていき	JMdict+Mozc
完全数	かんぜんすう	JMdict+Mozc
完璧主義者	かんぺきしゅぎしゃ	JMdict+Mozc
官能基	かんのうき	JMdict+Mozc
実践者	じっせんしゃ	JMdict+Mozc
宣言書	せんげんしょ	JMdict+Mozc
室内外	しつないがい	JMdict+Mozc
家庭版	かていばん	JMdict+Mozc
密告者	みっこくしゃ	JMdict+Mozc
富栄養化	ふえいようか	JMdict+Mozc
射撃場	しゃげきじょう	JMdict+Mozc
導光板	どうこうばん	JMdict+Mozc
導電体	どうでんたい	JMdict+Mozc
小さい	ちいさい	JMdict+Mozc
小作人	こさくにん	JMdict+Mozc
小惑星帯	しょうわくせいたい	JMdict+Mozc
小手術	しょうしゅじゅつ	JMdict+Mozc
小括弧	しょうかっこ	JMdict+Mozc
少林拳	しょうりんけん	JMdict+Mozc
展覧会場	てんらんかいじょう	JMdict+Mozc
層積雲	そうせきうん	JMdict+Mozc
山海経	せんがいきょう	JMdict+Mozc
山火事	やまかじ	JMdict+Mozc
山西省	さんせいしょう	JMdict+Mozc
崇拝者	すうはいしゃ	JMdict+Mozc
巡礼者	じゅんれいしゃ	JMdict+Mozc
工具箱	こうぐばこ	JMdict+Mozc
工業用水	こうぎょうようすい	JMdict+Mozc
工芸家	こうげいか	JMdict+Mozc
巴旦杏	はたんきょう	JMdict+Mozc
帯分数	たいぶんすう	JMdict+Mozc
帰国者	きこくしゃ	JMdict+Mozc
常備薬	じょうびやく	JMdict+Mozc
幕を下ろす	まくをおろす	JMdict+Mozc
干し柿	ほしがき	JMdict+Mozc
平方数	へいほうすう	JMdict+Mozc
平板型	へいばんがた	JMdict+Mozc
平織り	ひらおり	JMdict+Mozc
床タイル	ゆかたいる	JMdict+Mozc
建設者	けんせつしゃ	JMdict+Mozc
引きずり下ろす	ひきずりおろす	JMdict+Mozc
彼岸花	ひがんばな	JMdict+Mozc
待ち伏せ	まちぶせ	JMdict+Mozc
後交通動脈	こうこうつうどうみゃく	JMdict+Mozc
後半生	こうはんせい	JMdict+Mozc
後宮	こうきゅう	JMdict+Mozc
後漢書	ごかんじょ	JMdict+Mozc
循環型	じゅんかんがた	JMdict+Mozc
心内膜炎	しんないまくえん	JMdict+Mozc
必読書	ひつどくしょ	JMdict+Mozc
志願書	しがんしょ	JMdict+Mozc
怒りっぽい	おこりっぽい	JMdict+Mozc
性的二形	せいてきにけい	JMdict+Mozc
悪ふざけ	わるふざけ	JMdict+Mozc
悪玉コレステロール	あくだまこれすてろーる	JMdict+Mozc
意志力	いしりょく	JMdict+Mozc
愛国者	あいこくしゃ	JMdict+Mozc
感覚上皮	かんかくじょうひ	JMdict+Mozc
慈悲深い	じひぶかい	JMdict+Mozc
慢性閉塞性肺疾患	まんせいへいそくせいはいしっかん	JMdict+Mozc
憩室炎	けいしつえん	JMdict+Mozc
懐疑心	かいぎしん	JMdict+Mozc
戦略家	せんりゃくか	JMdict+Mozc
手の甲	てのこう	JMdict+Mozc
手押し車	ておしぐるま	JMdict+Mozc
承認者	しょうにんしゃ	JMdict+Mozc
抑止力	よくしりょく	JMdict+Mozc
投機家	とうきか	JMdict+Mozc
投石器	とうせきき	JMdict+Mozc
投資者	とうししゃ	JMdict+Mozc
抗うつ剤	こううつざい	JMdict+Mozc
抗うつ薬	こううつやく	JMdict+Mozc
抗アレルギー薬	こうあれるぎーやく	JMdict+Mozc
抗ウイルス薬	こうういるすやく	JMdict+Mozc
抗炎症薬	こうえんしょうやく	JMdict+Mozc
抗酸化物質	こうさんかぶっしつ	JMdict+Mozc
拮抗薬	きっこうやく	JMdict+Mozc
指示器	しじき	JMdict+Mozc
捕獲岩	ほかくがん	JMdict+Mozc
捕食者	ほしょくしゃ	JMdict+Mozc
排出物	はいしゅつぶつ	JMdict+Mozc
掛け布団	かけぶとん	JMdict+Mozc
探査船	たんさせん	JMdict+Mozc
探検家	たんけんか	JMdict+Mozc
探照灯	たんしょうとう	JMdict+Mozc
探索者	たんさくしゃ	JMdict+Mozc
接続箱	せつぞくばこ	JMdict+Mozc
接触者	せっしょくしゃ	JMdict+Mozc
援助者	えんじょしゃ	JMdict+Mozc
損失額	そんしつがく	JMdict+Mozc
損害額	そんがいがく	JMdict+Mozc
擁護者	ようごしゃ	JMdict+Mozc
支払者	しはらいしゃ	JMdict+Mozc
支援者	しえんしゃ	JMdict+Mozc
改革者	かいかくしゃ	JMdict+Mozc
攻撃者	こうげきしゃ	JMdict+Mozc
放牧場	ほうぼくじょう	JMdict+Mozc
放電灯	ほうでんとう	JMdict+Mozc
政治学者	せいじがくしゃ	JMdict+Mozc
救い主	すくいぬし	JMdict+Mozc
救助船	きゅうじょせん	JMdict+Mozc
教育力	きょういくりょく	JMdict+Mozc
数カ国	すうかこく	JMdict+Mozc
文化の日	ぶんかのひ	JMdict+Mozc
斑入り	ふいり	JMdict+Mozc
斜張橋	しゃちょうきょう	JMdict+Mozc
新市街	しんしがい	JMdict+Mozc
新自由主義	しんじゆうしゅぎ	JMdict+Mozc
旅行家	りょこうか	JMdict+Mozc
既判力	きはんりょく	JMdict+Mozc
日が暮れる	ひがくれる	JMdict+Mozc
日に日に	ひにひに	JMdict+Mozc
日本人形	にほんにんぎょう	JMdict+Mozc
日本化	にほんか	JMdict+Mozc
日本法	にほんほう	JMdict+Mozc
日本通	にほんつう	JMdict+Mozc
日焼け止め	ひやけどめ	JMdict+Mozc
旧国	きゅうこく	JMdict+Mozc
春の夜	はるのよ	JMdict+Mozc
春の日	はるのひ	JMdict+Mozc
晴れ晴れ	はればれ	JMdict+Mozc
暗殺者	あんさつしゃ	JMdict+Mozc
暗紫色	あんししょく	JMdict+Mozc
曇り空	くもりぞら	JMdict+Mozc
更新日	こうしんび	JMdict+Mozc
書道家	しょどうか	JMdict+Mozc
月の海	つきのうみ	JMdict+Mozc
月の輪	つきのわ	JMdict+Mozc
月周回軌道	つきしゅうかいきどう	JMdict+Mozc
朝食後	ちょうしょくご	JMdict+Mozc
朝鮮半島	ちょうせんはんとう	JMdict+Mozc
期限切れ	きげんぎれ	JMdict+Mozc
木造船	もくぞうせん	JMdict+Mozc
未上場	みじょうじょう	JMdict+Mozc
未来型	みらいがた	JMdict+Mozc
未遂罪	みすいざい	JMdict+Mozc
末っ子	すえっこ	JMdict+Mozc
材料不足	ざいりょうぶそく	JMdict+Mozc
東シナ海	ひがししなかい	JMdict+Mozc
松果体	しょうかたい	JMdict+Mozc
染み出す	しみだす	JMdict+Mozc
柔道着	じゅうどうぎ	JMdict+Mozc
栄養不足	えいようぶそく	JMdict+Mozc
栓抜き	せんぬき	JMdict+Mozc
校閲者	こうえつしゃ	JMdict+Mozc
栽培者	さいばいしゃ	JMdict+Mozc
梨状筋	りじょうきん	JMdict+Mozc
梭子魚	かます	JMdict+Mozc
梱包箱	こんぽうばこ	JMdict+Mozc
植物学者	しょくぶつがくしゃ	JMdict+Mozc
植物種	しょくぶつしゅ	JMdict+Mozc
検索者	けんさくしゃ	JMdict+Mozc
検索表	けんさくひょう	JMdict+Mozc
楞伽経	りょうがきょう	JMdict+Mozc
楽観主義	らっかんしゅぎ	JMdict+Mozc
楽観的	らっかんてき	JMdict+Mozc
構成国	こうせいこく	JMdict+Mozc
構造色	こうぞうしょく	JMdict+Mozc
横向き	よこむき	JMdict+Mozc
横紋筋	おうもんきん	JMdict+Mozc
欲しがる	ほしがる	JMdict+Mozc
正四面体	せいしめんたい	JMdict+Mozc
正常値	せいじょうち	JMdict+Mozc
武道場	ぶどうじょう	JMdict+Mozc
歩行車	ほこうしゃ	JMdict+Mozc
歯槽骨	しそうこつ	JMdict+Mozc
死亡数	しぼうすう	JMdict+Mozc
殉教者	じゅんきょうしゃ	JMdict+Mozc
殺菌灯	さっきんとう	JMdict+Mozc
民族主義者	みんぞくしゅぎしゃ	JMdict+Mozc
気候帯	きこうたい	JMdict+Mozc
水中毒	みずちゅうどく	JMdict+Mozc
水循環	みずじゅんかん	JMdict+Mozc
水抜き	みずぬき	JMdict+Mozc
水時計	みずどけい	JMdict+Mozc
水酸化物	すいさんかぶつ	JMdict+Mozc
水銀柱	すいぎんちゅう	JMdict+Mozc
氷砂糖	こおりざとう	JMdict+Mozc
求人者	きゅうじんしゃ	JMdict+Mozc
求婚者	きゅうこんしゃ	JMdict+Mozc
汚染水	おせんすい	JMdict+Mozc
決断力	けつだんりょく	JMdict+Mozc
決算日	けっさんび	JMdict+Mozc
沈殿物	ちんでんぶつ	JMdict+Mozc
泌尿器科	ひにょうきか	JMdict+Mozc
泣き声	なきごえ	JMdict+Mozc
注文者	ちゅうもんしゃ	JMdict+Mozc
活動者	かつどうしゃ	JMdict+Mozc
浪費家	ろうひか	JMdict+Mozc
海の日	うみのひ	JMdict+Mozc
海賊旗	かいぞくき	JMdict+Mozc
海面上昇	かいめんじょうしょう	JMdict+Mozc
消化力	しょうかりょく	JMdict+Mozc
深成岩	しんせいがん	JMdict+Mozc
混合体	こんごうたい	JMdict+Mozc
混合器	こんごうき	JMdict+Mozc
清教徒	せいきょうと	JMdict+Mozc
渦巻く	うずまく	JMdict+Mozc
温泉水	おんせんすい	JMdict+Mozc
温泉郷	おんせんきょう	JMdict+Mozc
満天下	まんてんか	JMdict+Mozc
満州人	まんしゅうじん	JMdict+Mozc
満洲国	まんしゅうこく	JMdict+Mozc
溶解力	ようかいりょく	JMdict+Mozc
滅する	めっする	JMdict+Mozc
潜在力	せんざいりょく	JMdict+Mozc
潰瘍性大腸炎	かいようせいだいちょうえん	JMdict+Mozc
濾液	ろえき	JMdict+Mozc
火山岩	かざんがん	JMdict+Mozc
火山島	かざんとう	JMdict+Mozc
火山帯	かざんたい	JMdict+Mozc
火成岩	かせいがん	JMdict+Mozc
火災警報器	かさいけいほうき	JMdict+Mozc
灯台守	とうだいもり	JMdict+Mozc
炭化物	たんかぶつ	JMdict+Mozc
無人島	むじんとう	JMdict+Mozc
無名指	むめいし	JMdict+Mozc
無国籍者	むこくせきしゃ	JMdict+Mozc
無影灯	むえいとう	JMdict+Mozc
無料版	むりょうばん	JMdict+Mozc
無糸分裂	むしぶんれつ	JMdict+Mozc
無色界	むしきかい	JMdict+Mozc
焼き菓子	やきがし	JMdict+Mozc
焼き豆腐	やきどうふ	JMdict+Mozc
焼肉店	やきにくてん	JMdict+Mozc
熱化学	ねつかがく	JMdict+Mozc
燃え尽きる	もえつきる	JMdict+Mozc
燃え盛る	もえさかる	JMdict+Mozc
燃料電池車	ねんりょうでんちしゃ	JMdict+Mozc
燃焼器	ねんしょうき	JMdict+Mozc
父の日	ちちのひ	JMdict+Mozc
片麻岩	へんまがん	JMdict+Mozc
牛骨	ぎゅうこつ	JMdict+Mozc
牧羊犬	ぼくようけん	JMdict+Mozc
牽牛星	けんぎゅうせい	JMdict+Mozc
犬小屋	いぬごや	JMdict+Mozc
狂信者	きょうしんしゃ	JMdict+Mozc
狙撃手	そげきしゅ	JMdict+Mozc
狩猟犬	しゅりょうけん	JMdict+Mozc
独り子	ひとりご	JMdict+Mozc
独立国家共同体	どくりつこっかきょうどうたい	JMdict+Mozc
独立心	どくりつしん	JMdict+Mozc
獅子頭	ししがしら	JMdict+Mozc
玄武岩	げんぶがん	JMdict+Mozc
玩具箱	おもちゃばこ	JMdict+Mozc
珊瑚樹	さんごじゅ	JMdict+Mozc
珪藻土	けいそうど	JMdict+Mozc
環太平洋火山帯	かんたいへいようかざんたい	JMdict+Mozc
甘ダレ	あまだれ	JMdict+Mozc
生え際	はえぎわ	JMdict+Mozc
生と死	せいとし	JMdict+Mozc
生合成	せいごうせい	JMdict+Mozc
生存力	せいぞんりょく	JMdict+Mozc
生成器	せいせいき	JMdict+Mozc
生物体	せいぶつたい	JMdict+Mozc
生産国	せいさんこく	JMdict+Mozc
生還者	せいかんしゃ	JMdict+Mozc
用水路	ようすいろ	JMdict+Mozc
申告者	しんこくしゃ	JMdict+Mozc
男バス	だんばす	JMdict+Mozc
畜産物	ちくさんぶつ	JMdict+Mozc
異性体	いせいたい	JMdict+Mozc
異性愛者	いせいあいしゃ	JMdict+Mozc
異能者	いのうしゃ	JMdict+Mozc
発信力	はっしんりょく	JMdict+Mozc
発光器	はっこうき	JMdict+Mozc
発射場	はっしゃじょう	JMdict+Mozc
発送者	はっそうしゃ	JMdict+Mozc
登山家	とざんか	JMdict+Mozc
白文字	しろもじ	JMdict+Mozc
白日夢	はくじつむ	JMdict+Mozc
白点病	はくてんびょう	JMdict+Mozc
監視下	かんしか	JMdict+Mozc
監視者	かんししゃ	JMdict+Mozc
目玉焼き	めだまやき	JMdict+Mozc
盲腸炎	もうちょうえん	JMdict+Mozc
眼軟膏	がんなんこう	JMdict+Mozc
着陸船	ちゃくりくせん	JMdict+Mozc
矢車菊	やぐるまぎく	JMdict+Mozc
石こうボード	せっこうぼーど	JMdict+Mozc
石油会社	せきゆがいしゃ	JMdict+Mozc
石灰乳	せっかいにゅう	JMdict+Mozc
石灰岩	せっかいがん	JMdict+Mozc
石灰水	せっかいすい	JMdict+Mozc
石灰石	せっかいせき	JMdict+Mozc
硫化物	りゅうかぶつ	JMdict+Mozc
硫黄泉	いおうせん	JMdict+Mozc
硬膜外麻酔	こうまくがいますい	JMdict+Mozc
磁路	じろ	JMdict+Mozc
祈祷書	きとうしょ	JMdict+Mozc
神々しい	こうごうしい	JMdict+Mozc
神学生	しんがくせい	JMdict+Mozc
神経炎	しんけいえん	JMdict+Mozc
移住民	いじゅうみん	JMdict+Mozc
空心菜	くうしんさい	JMdict+Mozc
空手着	からてぎ	JMdict+Mozc
空気口	くうきこう	JMdict+Mozc
空気圧縮機	くうきあっしゅくき	JMdict+Mozc
空気孔	くうきこう	JMdict+Mozc
空飛ぶ円盤	そらとぶえんばん	JMdict+Mozc
突起物	とっきぶつ	JMdict+Mozc
窒化ケイ素	ちっかけいそ	JMdict+Mozc
立ち幅跳び	たちはばとび	JMdict+Mozc
立ち退き	たちのき	JMdict+Mozc
立体異性体	りったいいせいたい	JMdict+Mozc
立法者	りっぽうしゃ	JMdict+Mozc
端午節	たんごせつ	JMdict+Mozc
笑い声	わらいごえ	JMdict+Mozc
等脚台形	とうきゃくだいけい	JMdict+Mozc
筋ジストロフィー	きんじすとろふぃー	JMdict+Mozc
答弁書	とうべんしょ	JMdict+Mozc
管絃楽	かんげんがく	JMdict+Mozc
篩骨	しこつ	JMdict+Mozc
簡略版	かんりゃくばん	JMdict+Mozc
米食い虫	こめくいむし	JMdict+Mozc
粘稠	ねんちゅう	JMdict+Mozc
納税額	のうぜいがく	JMdict+Mozc
紙本	しほん	JMdict+Mozc
紡錘体	ぼうすいたい	JMdict+Mozc
絃楽器	げんがっき	JMdict+Mozc
結晶水	けっしょうすい	JMdict+Mozc
統治者	とうちしゃ	JMdict+Mozc
絶滅危惧種	ぜつめつきぐしゅ	JMdict+Mozc
絶滅種	ぜつめつしゅ	JMdict+Mozc
綱引き	つなひき	JMdict+Mozc
綿帽子	わたぼうし	JMdict+Mozc
綿毛布	めんもうふ	JMdict+Mozc
綿菓子	わたがし	JMdict+Mozc
緑柱石	りょくちゅうせき	JMdict+Mozc
緑黄色野菜	りょくおうしょくやさい	JMdict+Mozc
締め切り日	しめきりび	JMdict+Mozc
締約国	ていやくこく	JMdict+Mozc
編纂者	へんさんしゃ	JMdict+Mozc
編集版	へんしゅうばん	JMdict+Mozc
緩衝器	かんしょうき	JMdict+Mozc
縁を切る	えんをきる	JMdict+Mozc
罰する	ばっする	JMdict+Mozc
署名者	しょめいしゃ	JMdict+Mozc
羊皮紙	ようひし	JMdict+Mozc
羊肉	ようにく	JMdict+Mozc
美食家	びしょくか	JMdict+Mozc
老眼鏡	ろうがんきょう	JMdict+Mozc
耐光性	たいこうせい	JMdict+Mozc
耐火物	たいかぶつ	JMdict+Mozc
耳飾り	みみかざり	JMdict+Mozc
聖ニコラス	せいにこらす	JMdict+Mozc
聖公会	せいこうかい	JMdict+Mozc
職業人	しょくぎょうじん	JMdict+Mozc
肋膜炎	ろくまくえん	JMdict+Mozc
肘掛け	ひじかけ	JMdict+Mozc
肘関節	ちゅうかんせつ	JMdict+Mozc
肝不全	かんふぜん	JMdict+Mozc
肝吸虫	かんきゅうちゅう	JMdict+Mozc
股割れズボン	またわれずぼん	JMdict+Mozc
胃腸炎	いちょうえん	JMdict+Mozc
胆嚢炎	たんのうえん	JMdict+Mozc
胚芽米	はいがまい	JMdict+Mozc
胸膜炎	きょうまくえん	JMdict+Mozc
胸鎖乳突筋	きょうさにゅうとつきん	JMdict+Mozc
胸飾り	むねかざり	JMdict+Mozc
脂肪肝	しぼうかん	JMdict+Mozc
脅迫罪	きょうはくざい	JMdict+Mozc
脊髄炎	せきずいえん	JMdict+Mozc
脱毛器	だつもうき	JMdict+Mozc
脱走者	だっそうしゃ	JMdict+Mozc
脳脊髄膜炎	のうせきずいまくえん	JMdict+Mozc
脳膜炎	のうまくえん	JMdict+Mozc
腕立て伏せ	うでたてふせ	JMdict+Mozc
腰を下ろす	こしをおろす	JMdict+Mozc
腹直筋	ふくちょくきん	JMdict+Mozc
膵島	すいとう	JMdict+Mozc
臍ヘルニア	さいへるにあ	JMdict+Mozc
自動運転車	じどううんてんしゃ	JMdict+Mozc
自惚れ	うぬぼれ	JMdict+Mozc
自撮り	じどり	JMdict+Mozc
自然物	しぜんぶつ	JMdict+Mozc
自由民	じゆうみん	JMdict+Mozc
臭化物	しゅうかぶつ	JMdict+Mozc
舞台化	ぶたいか	JMdict+Mozc
舟状骨	しゅうじょうこつ	JMdict+Mozc
航海者	こうかいしゃ	JMdict+Mozc
芸術祭	げいじゅつさい	JMdict+Mozc
芽吹く	めぶく	JMdict+Mozc
若い頃	わかいころ	JMdict+Mozc
苦行者	くぎょうしゃ	JMdict+Mozc
英国民	えいこくみん	JMdict+Mozc
茅台酒	まおたいしゅ	JMdict+Mozc
菌糸体	きんしたい	JMdict+Mozc
葉緑体	ようりょくたい	JMdict+Mozc
著作家	ちょさくか	JMdict+Mozc
葡萄園	ぶどうえん	JMdict+Mozc
葡萄酒	ぶどうしゅ	JMdict+Mozc
葬儀場	そうぎじょう	JMdict+Mozc
蒸し器	むしき	JMdict+Mozc
蒸発散	じょうはっさん	JMdict+Mozc
蓄電器	ちくでんき	JMdict+Mozc
薄荷油	はっかゆ	JMdict+Mozc
薏苡仁	よくいにん	JMdict+Mozc
藍晶石	らんしょうせき	JMdict+Mozc
虫類	ちゅうるい	JMdict+Mozc
虹彩炎	こうさいえん	JMdict+Mozc
蛋白石	たんぱくせき	JMdict+Mozc
蜂窩織炎	ほうかしきえん	JMdict+Mozc
蝋細工	ろうざいく	JMdict+Mozc
蝶形骨	ちょうけいこつ	JMdict+Mozc
融資額	ゆうしがく	JMdict+Mozc
蠕虫	ぜんちゅう	JMdict+Mozc
血縁者	けつえんしゃ	JMdict+Mozc
行政区画	ぎょうせいくかく	JMdict+Mozc
行程表	こうていひょう	JMdict+Mozc
街並み	まちなみ	JMdict+Mozc
表現型	ひょうげんがた	JMdict+Mozc
被乗数	ひじょうすう	JMdict+Mozc
被加数	ひかすう	JMdict+Mozc
被除数	ひじょすう	JMdict+Mozc
装飾家	そうしょくか	JMdict+Mozc
装飾物	そうしょくぶつ	JMdict+Mozc
裏表紙	うらびょうし	JMdict+Mozc
裏返す	うらがえす	JMdict+Mozc
補給船	ほきゅうせん	JMdict+Mozc
製造物	せいぞうぶつ	JMdict+Mozc
襲撃者	しゅうげきしゃ	JMdict+Mozc
西インド諸島	にしいんどしょとう	JMdict+Mozc
西方浄土	さいほうじょうど	JMdict+Mozc
視交叉上核	しこうさじょうかく	JMdict+Mozc
視神経炎	ししんけいえん	JMdict+Mozc
解き放つ	ときはなつ	JMdict+Mozc
解毒薬	げどくやく	JMdict+Mozc
解決済み	かいけつずみ	JMdict+Mozc
計画外	けいかくがい	JMdict+Mozc
訓練場	くんれんじょう	JMdict+Mozc
設立者	せつりつしゃ	JMdict+Mozc
証明力	しょうめいりょく	JMdict+Mozc
認証書	にんしょうしょ	JMdict+Mozc
説教者	せっきょうしゃ	JMdict+Mozc
説明者	せつめいしゃ	JMdict+Mozc
調光器	ちょうこうき	JMdict+Mozc
調査会社	ちょうさがいしゃ	JMdict+Mozc
調節器	ちょうせつき	JMdict+Mozc
請負業者	うけおいぎょうしゃ	JMdict+Mozc
請願書	せいがんしょ	JMdict+Mozc
請願者	せいがんしゃ	JMdict+Mozc
警察犬	けいさつけん	JMdict+Mozc
財政力	ざいせいりょく	JMdict+Mozc
貢献者	こうけんしゃ	JMdict+Mozc
貧困国	ひんこんこく	JMdict+Mozc
販売者	はんばいしゃ	JMdict+Mozc
貿易会社	ぼうえきがいしゃ	JMdict+Mozc
資金不足	しきんぶそく	JMdict+Mozc
赤リン	せきりん	JMdict+Mozc
赤砂糖	あかざとう	JMdict+Mozc
走り幅跳び	はしりはばとび	JMdict+Mozc
起重機船	きじゅうきせん	JMdict+Mozc
足底筋膜炎	そくていきんまくえん	JMdict+Mozc
跳ね橋	はねばし	JMdict+Mozc
軍事上	ぐんじじょう	JMdict+Mozc
軍国主義者	ぐんこくしゅぎしゃ	JMdict+Mozc
軟骨炎	なんこつえん	JMdict+Mozc
輸入国	ゆにゅうこく	JMdict+Mozc
輸出国	ゆしゅつこく	JMdict+Mozc
輸出額	ゆしゅつがく	JMdict+Mozc
追放者	ついほうしゃ	JMdict+Mozc
追跡者	ついせきしゃ	JMdict+Mozc
追随者	ついずいしゃ	JMdict+Mozc
送料込み	そうりょうこみ	JMdict+Mozc
逆流性食道炎	ぎゃくりゅうせいしょくどうえん	JMdict+Mozc
透き通る	すきとおる	JMdict+Mozc
透明帯	とうめいたい	JMdict+Mozc
透析器	とうせきき	JMdict+Mozc
透閃石	とうせんせき	JMdict+Mozc
通りすがり	とおりすがり	JMdict+Mozc
通りすがる	とおりすがる	JMdict+Mozc
通り抜ける	とおりぬける	JMdict+Mozc
通り過ぎる	とおりすぎる	JMdict+Mozc
通信機器	つうしんきき	JMdict+Mozc
通学生	つうがくせい	JMdict+Mozc
通知表	つうちひょう	JMdict+Mozc
通過者	つうかしゃ	JMdict+Mozc
造船会社	ぞうせんがいしゃ	JMdict+Mozc
運動器	うんどうき	JMdict+Mozc
運動家	うんどうか	JMdict+Mozc
過ヨウ素酸	かようそさん	JMdict+Mozc
過熱器	かねつき	JMdict+Mozc
過酸化物	かさんかぶつ	JMdict+Mozc
道路橋	どうろきょう	JMdict+Mozc
道路網	どうろもう	JMdict+Mozc
遠心力	えんしんりょく	JMdict+Mozc
選択型	せんたくがた	JMdict+Mozc
選択者	せんたくしゃ	JMdict+Mozc
遺伝子型	いでんしがた	JMdict+Mozc
避難者	ひなんしゃ	JMdict+Mozc
酸性土	さんせいど	JMdict+Mozc
重元素	じゅうげんそ	JMdict+Mozc
重晶石	じゅうしょうせき	JMdict+Mozc
重質油	じゅうしつゆ	JMdict+Mozc
野心家	やしんか	JMdict+Mozc
野生型	やせいがた	JMdict+Mozc
野菜畑	やさいばたけ	JMdict+Mozc
金獅子賞	きんじししょう	JMdict+Mozc
金瓶梅	きんぺいばい	JMdict+Mozc
金盞花	きんせんか	JMdict+Mozc
金石学	きんせきがく	JMdict+Mozc
金紅石	きんこうせき	JMdict+Mozc
金魚草	きんぎょそう	JMdict+Mozc
釣り針	つりばり	JMdict+Mozc
鉄道橋	てつどうきょう	JMdict+Mozc
鉄道網	てつどうもう	JMdict+Mozc
鉛蓄電池	なまりちくでんち	JMdict+Mozc
銀灰色	ぎんかいしょく	JMdict+Mozc
銀行家	ぎんこうか	JMdict+Mozc
鋤鼻器	じょびき	JMdict+Mozc
鍾乳石	しょうにゅうせき	JMdict+Mozc
鑑定家	かんていか	JMdict+Mozc
長恨歌	ちょうごんか	JMdict+Mozc
閉経後	へいけいご	JMdict+Mozc
間もなく	まもなく	JMdict+Mozc
間歇泉	かんけつせん	JMdict+Mozc
関節炎	かんせつえん	JMdict+Mozc
閲覧数	えつらんすう	JMdict+Mozc
閲覧者	えつらんしゃ	JMdict+Mozc
闖入者	ちんにゅうしゃ	JMdict+Mozc
闘牛場	とうぎゅうじょう	JMdict+Mozc
防衛大臣	ぼうえいだいじん	JMdict+Mozc
降りかかる	ふりかかる	JMdict+Mozc
降ろし	おろし	JMdict+Mozc
降ろす	おろす	JMdict+Mozc
除湿器	じょしつき	JMdict+Mozc
陳述書	ちんじゅつしょ	JMdict+Mozc
集会場	しゅうかいじょう	JMdict+Mozc
集合型	しゅうごうがた	JMdict+Mozc
雇用主	こようぬし	JMdict+Mozc
雷天大壮	らいてんだいそう	JMdict+Mozc
電力不足	でんりょくぶそく	JMdict+Mozc
電動車椅子	でんどうくるまいす	JMdict+Mozc
電子版	でんしばん	JMdict+Mozc
電気石	でんきせき	JMdict+Mozc
電纜	でんらん	JMdict+Mozc
露天掘り	ろてんぼり	JMdict+Mozc
青島ビール	ちんたおびーる	JMdict+Mozc
青文字	あおもじ	JMdict+Mozc
静脈炎	じょうみゃくえん	JMdict+Mozc
面取り	めんとり	JMdict+Mozc
面接者	めんせつしゃ	JMdict+Mozc
革命家	かくめいか	JMdict+Mozc
革新者	かくしんしゃ	JMdict+Mozc
韓半島	かんはんとう	JMdict+Mozc
韓国街	かんこくがい	JMdict+Mozc
音楽学校	おんがくがっこう	JMdict+Mozc
頁数	ぺーじすう	JMdict+Mozc
預言書	よげんしょ	JMdict+Mozc
預言者	よげんしゃ	JMdict+Mozc
預金者	よきんしゃ	JMdict+Mozc
顆粒球	かりゅうきゅう	JMdict+Mozc
顎下腺	がっかせん	JMdict+Mozc
風力発電所	ふうりょくはつでんしょ	JMdict+Mozc
飛行家	ひこうか	JMdict+Mozc
飛行甲板	ひこうかんぱん	JMdict+Mozc
食卓塩	しょくたくえん	JMdict+Mozc
食料品店	しょくりょうひんてん	JMdict+Mozc
食道炎	しょくどうえん	JMdict+Mozc
養蜂場	ようほうじょう	JMdict+Mozc
養蜂家	ようほうか	JMdict+Mozc
養鶏場	ようけいじょう	JMdict+Mozc
香り米	かおりまい	JMdict+Mozc
馬尿酸	ばにょうさん	JMdict+Mozc
馬来西亜	まれーしあ	JMdict+Mozc
騒々しい	そうぞうしい	JMdict+Mozc
骨密度	こつみつど	JMdict+Mozc
骨細胞	こつさいぼう	JMdict+Mozc
骨組織	こつそしき	JMdict+Mozc
骨髄炎	こつずいえん	JMdict+Mozc
高優先	こうゆうせん	JMdict+Mozc
高炭素鋼	こうたんそこう	JMdict+Mozc
高祖母	こうそぼ	JMdict+Mozc
高祖父	こうそふ	JMdict+Mozc
高麗人	こうらいじん	JMdict+Mozc
魔法使	まほうつかい	JMdict+Mozc
魚の目	うおのめ	JMdict+Mozc
鮮やか	あざやか	JMdict+Mozc
鮮紅色	せんこうしょく	JMdict+Mozc
鳳仙花	ほうせんか	JMdict+Mozc
鹿の角	しかのつの	JMdict+Mozc
麦刈り	むぎかり	JMdict+Mozc
麻薬中毒者	まやくちゅうどくしゃ	JMdict+Mozc
黒曜石	こくようせき	JMdict+Mozc
黒雲母	くろうんも	JMdict+Mozc
黙示録	もくしろく	JMdict+Mozc
鼻中隔	びちゅうかく	JMdict+Mozc
